<?xml version="1.0" encoding="utf-8"?>
<ApplicationInstallerManifest>
   <DefaultInstallationDirectory>/Applications/MorletWaveletPhase/</DefaultInstallationDirectory>
   <ApplicationName>Morlet_Wavelet_Phase</ApplicationName>
   <ExecutableName>application/Morlet_Wavelet_Phase.exe</ExecutableName>
   <GUID>cc0a0a1f-5b25-41ef-aad9-5d14321fcc34</GUID>
   <ApplicationIcon>icon_48.png</ApplicationIcon>
   <Logo>logo3636531978430503329.tmp</Logo>
   <Version>1.0</Version>
   <InstallationNotes>In the following directions, replace MR/v910 by the directory on the target machine where MATLAB is installed, or MR by the directory where the MATLAB Runtime is installed.

If the environment variable DYLD_LIBRARY_PATH is undefined, set it to the following string:

MR/v910/runtime/maci64:MR/v910/sys/os/maci64:MR/v910/bin/maci64

If it is defined, set it to the following:

${DYLD_LIBRARY_PATH}:MR/v910/runtime/maci64:MR/v910/sys/os/maci64:MR/v910/bin/maci64
</InstallationNotes>
   <AuthorOrganization>Vanderbilt University</AuthorOrganization>
   <Summary>Vanderbilt University</Summary>
   <WelcomePanelText>Morlet_Wavelet_Phase 1.0
Vanderbilt University
Weiss Group (Xiang Zhou, Simon Ward)</WelcomePanelText>
   <MCRProducts>
      <MCRProduct>
         <ExternalProductIdentifier>35000</ExternalProductIdentifier>
      </MCRProduct>
      <MCRProduct>
         <ExternalProductIdentifier>35010</ExternalProductIdentifier>
      </MCRProduct>
   </MCRProducts>
</ApplicationInstallerManifest>