<?xml version="1.0" encoding="utf-8"?>
<toolset id="apps_toolset" template="true">
   <tool id="favorites" quick_access_eligible="false" toolset_id="apps_toolset" type="group">
      <child_tool id="signalAnalyzer" toolset_id="signal_toolset"/>
      <child_tool id="ccoder" toolset_id="matlabcoder_toolset"/>
      <child_tool id="applicationCompiler" toolset_id="compiler_toolset"/>
   </tool>
   <tool id="code_verify_products" quick_access_eligible="false" toolset_id="apps_toolset" type="group"/>
   <tool id="simulation_products" quick_access_eligible="false" toolset_id="apps_toolset" type="group"/>
   <tool id="internal" quick_access_eligible="false" toolset_id="apps_toolset" type="group"/>
   <tool id="learning_products" quick_access_eligible="false" toolset_id="apps_toolset" type="group"/>
   <tool id="my_apps" quick_access_eligible="false" toolset_id="apps_toolset" type="group">
      <child_tool id="c4180614-4ed1-4d35-98f7-669563a4eddb" toolset_id="user_apps_toolset"/>
      <child_tool id="ec3aa36b-eb4e-4159-8556-72ccb02ef838" toolset_id="user_apps_toolset"/>
   </tool>
   <tool id="control_products" quick_access_eligible="false" toolset_id="apps_toolset" type="group"/>
   <tool id="signal_products" quick_access_eligible="false" toolset_id="apps_toolset" type="group">
      <child_tool id="fdatool" toolset_id="signal_toolset"/>
      <child_tool id="signalAnalyzer" toolset_id="signal_toolset"/>
      <child_tool id="signalLabeler" toolset_id="signal_toolset"/>
      <child_tool id="wintool" toolset_id="signal_toolset"/>
   </tool>
   <tool id="verification_products" quick_access_eligible="false" toolset_id="apps_toolset" type="group"/>
   <tool id="automotive_products" quick_access_eligible="false" toolset_id="apps_toolset" type="group"/>
   <tool id="deployment_products" quick_access_eligible="false" toolset_id="apps_toolset" type="group">
      <child_tool id="applicationCompiler" toolset_id="compiler_toolset"/>
      <child_tool id="hadoopCompiler" toolset_id="compiler_toolset"/>
      <child_tool id="libraryCompiler" toolset_id="compiler_toolset"/>
      <child_tool id="serverArchiveCompiler" toolset_id="compilersdk_toolset"/>
      <child_tool id="webApplicationCompiler" toolset_id="compiler_toolset"/>
   </tool>
   <tool id="finance_products" quick_access_eligible="false" toolset_id="apps_toolset" type="group"/>
   <tool id="image_products" quick_access_eligible="false" toolset_id="apps_toolset" type="group"/>
   <tool id="test_products" quick_access_eligible="false" toolset_id="apps_toolset" type="group">
      <child_tool id="raspiMonitorApp" toolset_id="hwspkg_toolset"/>
   </tool>
   <tool id="math_products" quick_access_eligible="false" toolset_id="apps_toolset" type="group"/>
   <tool id="code_gen_products" quick_access_eligible="false" toolset_id="apps_toolset" type="group">
      <child_tool id="ccoder" toolset_id="matlabcoder_toolset"/>
   </tool>
   <tool id="database_products" quick_access_eligible="false" toolset_id="apps_toolset" type="group"/>
   <tool id="biology_products" quick_access_eligible="false" toolset_id="apps_toolset" type="group"/>
   <tool id="apps" quick_access_eligible="false" toolset_id="apps_toolset" type="gallery">
      <child_tool id="favorites" toolset_id="apps_toolset"/>
      <child_tool id="my_apps" toolset_id="apps_toolset"/>
      <child_tool id="learning_products" toolset_id="apps_toolset"/>
      <child_tool id="math_products" toolset_id="apps_toolset"/>
      <child_tool id="control_products" toolset_id="apps_toolset"/>
      <child_tool id="automotive_products" toolset_id="apps_toolset"/>
      <child_tool id="signal_products" toolset_id="apps_toolset"/>
      <child_tool id="image_products" toolset_id="apps_toolset"/>
      <child_tool id="test_products" toolset_id="apps_toolset"/>
      <child_tool id="finance_products" toolset_id="apps_toolset"/>
      <child_tool id="biology_products" toolset_id="apps_toolset"/>
      <child_tool id="code_gen_products" toolset_id="apps_toolset"/>
      <child_tool id="code_verify_products" toolset_id="apps_toolset"/>
      <child_tool id="deployment_products" toolset_id="apps_toolset"/>
      <child_tool id="database_products" toolset_id="apps_toolset"/>
      <child_tool id="verification_products" toolset_id="apps_toolset"/>
      <child_tool id="simulation_products" toolset_id="apps_toolset"/>
      <child_tool id="internal" toolset_id="apps_toolset"/>
   </tool>
   <toolset id="hwspkg_toolset" template="true">
      <tool id="raspiMonitorApp" toolset_id="hwspkg_toolset"/>
   </toolset>
   <toolset id="user_apps_toolset" template="true">
      <tool id="ec3aa36b-eb4e-4159-8556-72ccb02ef838" toolset_id="user_apps_toolset"/>
      <tool id="c4180614-4ed1-4d35-98f7-669563a4eddb" toolset_id="user_apps_toolset"/>
   </toolset>
   <toolset id="matlabcoder_toolset" template="true">
      <tool id="ccoder" toolset_id="matlabcoder_toolset"/>
   </toolset>
   <toolset id="signal_toolset" template="true">
      <tool id="wintool" toolset_id="signal_toolset"/>
      <tool id="signalAnalyzer" toolset_id="signal_toolset"/>
      <tool id="signalLabeler" toolset_id="signal_toolset"/>
      <tool id="fdatool" toolset_id="signal_toolset"/>
   </toolset>
   <toolset id="compiler_toolset" template="true">
      <tool id="hadoopCompiler" toolset_id="compiler_toolset"/>
      <tool id="webApplicationCompiler" toolset_id="compiler_toolset"/>
      <tool id="libraryCompiler" toolset_id="compiler_toolset"/>
      <tool id="applicationCompiler" toolset_id="compiler_toolset"/>
   </toolset>
   <toolset id="compilersdk_toolset" template="true">
      <tool id="serverArchiveCompiler" toolset_id="compilersdk_toolset"/>
   </toolset>
</toolset>